id,name,phone,website,rating,reviews,address,industry,distance,ownerOperated,score,status,notes
93cbbd8f-9916-4777-9557-e165f83c8e63,Locust Hill Landscaping,(315) 252-0624,https://locusthilllandscapingcny.com/,4.0,8,"3510 E Genesee St, Auburn, NY 13021, USA",Landscaping,~5mi radius,True,95,Fairway,v 
f73886be-2cf7-4576-a7a6-387a57455a59,T&K LawnCare,(315) 515-0748,https://m.facebook.com/pages/category/Landscape-Company/TK-Lawn-Care-102960731369231/,5.0,8,"8 Frazee St, Auburn, NY 13021, USA",Landscaping,~5mi radius,True,95,Fairway,
ea4f5b7e-0c80-48e0-8d1d-4d07b9387fe0,The Real Estate Agency,(315) 604-0718,http://www.the-realestateagency.com/,4.8,19,"110 Genesee St #390b, Auburn, NY 13021, USA",Real Estate Agency,~5mi radius,True,95,Fairway,
8f49600b-73f8-485e-8df9-b77d7cabe61a,Clare Real Estate,(315) 252-3304,http://www.joeclarerealestate.com/,4.6,25,"8 N Hunter Ave, Auburn, NY 13021, USA",Real Estate Agency,~5mi radius,True,95,Fairway,
e9a222f7-3101-439f-9d94-db5fe8e59080,Post Realty,(315) 258-3883,https://postrealty.net/,4.8,12,"68 Lake Ave, Auburn, NY 13021, USA",Real Estate Agency,~5mi radius,True,95,Fairway,
9eefc6b0-6e21-44a5-a812-861f65d9e82c,Riordan Realty,(315) 252-4687,http://www.riordanrealty.net/,4.0,13,"15 State St, Auburn, NY 13021, USA",Real Estate Agency,~5mi radius,True,95,Fairway,
f6cd2aca-170b-477e-aa41-6a601b5c1196,Willow & Co. Property Brokers,(315) 246-6275,https://www.willowcobrokers.com/,5.0,24,"150 York St, Auburn, NY 13021, USA",Real Estate Agency,~5mi radius,True,95,Fairway,
2b35d3ba-3ed4-4d84-931c-1082c85f4a61,Michael DeRosa Exchange - (Owasco Lake) Upstate New York,(315) 406-7355,http://derosaexchange.com/,4.0,7,"6926 Owasco Rd, Owasco, NY 13021, USA",Real Estate Agency,~5mi radius,True,95,Fairway,
2b3c82e1-ea1e-4a1d-9238-a73a81d0e11c,G-Man Tree Service LLC,(315) 702-4041,https://www.gmantreeservicellc.com/,4.7,38,"71 Orchard St, Auburn, NY 13021, USA",Tree Service,~5mi radius,True,95,Hazard,
468a4734-c343-4341-a010-807c0f472987,"L. Moore Tree Service, LLC.",(315) 523-3799,https://lmooretreeservice.com/,5.0,55,"7570 Healy Rd, Auburn, NY 13021, USA",Tree Service,~5mi radius,True,95,Fairway,
a8ba2124-295e-4c64-ae2c-ed6cfc170bb5,Dan Lennox Tree Service LLC,(315) 246-4471,http://danlennoxtreepros.com/,5.0,11,"1706 Clark Street Rd, Auburn, NY 13021, USA",Tree Service,~5mi radius,True,95,Fairway,
803b79fd-b661-4f82-9045-eaeee1dd0cc7,Cranebrook Tree Service & Tree Farm,(315) 253-2525,https://www.cranebrooktree.com/,4.2,20,"7109 Canoga Rd, Auburn, NY 13021, USA",Tree Service,~5mi radius,True,95,Fairway,
aae09b2f-16d0-43d5-b849-98f9d7df9fe2,Finger Lakes Exteriors,(315) 729-2863,http://fingerlakesexteriors.com/,4.7,13,"6 Melrose Rd, Auburn, NY 13021, USA",Roofing Contractor,~5mi radius,True,95,Fairway,
341511d5-95ab-4666-8afa-0a1bf6dc0e0d,Pidgeon Roofing & Renovations,(315) 255-1970,http://www.pidgeonroofing.com/,4.3,28,"35 Aurelius Ave, Auburn, NY 13021, USA",Roofing Contractor,~5mi radius,True,95,Fairway,
a8852730-9412-475c-91b7-a8656802be0d,Hometown Roofing Auburn,(315) 234-4492,https://hometownroofingauburn.com/,5.0,8,"201 Genesee St, Auburn, NY 13021, USA",Roofing Contractor,~5mi radius,True,95,Hazard,
cea8cf6a-7ac5-4219-94fe-60772eca0c27,All In Roofing and Construction,(315) 399-7218,https://www.allinroofingpros.com/,5.0,7,"150 York St, Auburn, NY 13021, USA",Roofing Contractor,~5mi radius,True,95,Fairway,
2f7b67ab-759e-4a94-a06d-79e7a5f55119,Scott Sweeney Contracting,(315) 246-3763,http://www.scottsweeney.net/,3.0,7,"3538 E Genesee St, Auburn, NY 13021, USA",Roofing Contractor,~5mi radius,True,95,Fairway,
60671ed7-4c51-463e-a8aa-6a802e07c3e4,AJP Tree Works,(315) 916-5354,https://www.ajptreeworks.com/,4.7,23,"8082 Shepherd Rd, Weedsport, NY 13166, USA",Tree Service,~5mi radius,True,95,Hazard,
f8aa9d88-b28d-49d1-8441-b517ee7282df,E & V Energy,(315) 253-6522,https://eandvenergy.com/service-areas/auburn-ny/,4.6,128,"5700 NY-34, Auburn, NY 13021, USA",HVAC,~15mi radius,True,95,Fairway,
8c0a7375-286a-40a4-87d9-54625e590f0d,Kozy Heating & Air Conditioning,(315) 253-2216,https://rymap.org/business/kozy-heating-air-conditioning-1lbyhs,3.7,36,"44 S Lewis St, Auburn, NY 13021, USA",HVAC,~15mi radius,True,95,Hazard,
fa9dd272-09f2-416b-b0db-263b0f254393,"Royal Plumbing Services, LLC",(315) 620-2691,http://royalplumbingservicesllc.com/,4.5,75,"202 Fall St, Seneca Falls, NY 13148, USA",Plumber,~15mi radius,True,95,Hazard,
dae5c09e-9ad9-4ff5-b61d-7f67a8f1af7b,Brown's Plumbing & HVAC LLC,(315) 539-9195,http://brownsplumbing-hvac.com/,4.9,41,"48 Fayette St, Waterloo, NY 13165, USA",Plumber,~15mi radius,True,95,Fairway,
1edd7624-5482-48a0-a99a-1bd3c61483aa,Gallinger-Lilly Plumbing & Heating,(315) 252-0470,https://www.gallingerlilly.com/,4.3,20,"409 Grant Avenue Rd, Auburn, NY 13021, USA",Plumber,~15mi radius,True,95,Fairway,
39593e4e-4679-4043-96b3-262ca974eef6,"Testa Law Firm, P.C., Attorney Daniel A. Testa III",(315) 255-3368,https://www.danieltestalaw.com/,4.7,99,"198 Genesee St, Auburn, NY 13021, USA",Lawyer,~15mi radius,True,95,Fairway,
9e3efa4c-5dcf-4008-84e4-adcb74844093,"Susman Law, PLLC",(315) 702-7838,http://www.susmanlawfirm.com/,5.0,10,"126 Genesee St Suite 101, Auburn, NY 13021, USA",Lawyer,~15mi radius,True,95,Fairway,
af45797f-8bf7-42de-8f5c-f4df3949440a,"Blair Law Firm, PLLC",(315) 685-9900,https://www.fingerlakeslaw.com/,4.8,10,"3895 Fennell St, Skaneateles, NY 13152, USA",Lawyer,~15mi radius,True,95,Hazard,
c1fb6eeb-ce51-43c3-9c2b-0cec24c6975c,Delmonico Insurance Agency,(315) 685-8921,https://www.delmonicoinsurance.com/,5.0,302,"11 Fennell St, Skaneateles, NY 13152, USA",Insurance Agency,~15mi radius,True,95,Fairway,v for jenny
07fb9e7e-9972-4e13-a998-a5774ffecf24,Gillespie Insurance Agency,(315) 252-0694,http://www.gillespieinsuranceagency.com/,5.0,108,"177 North St, Auburn, NY 13021, USA",Insurance Agency,~15mi radius,True,95,Hazard,
ce0f3be7-3b07-4f9c-b1cb-65fac64d9b70,Legacy Agency of the Fingerlakes,(315) 220-8169,https://www.mylegacyins.com/,5.0,13,"59 Washington St, Waterloo, NY 13165, USA",Insurance Agency,~15mi radius,True,95,Green,"emailed the info over, but prob no. they do everything a year in advance"
18215106-230b-4312-80a5-ee681fb270a0,Robert C Dempsey Insurance Agency,(315) 702-8250,http://www.rcdempsey.com/,4.6,35,"128 Grant Ave, Auburn, NY 13021, USA",Insurance Agency,~15mi radius,True,95,Fairway,
3615d784-dabc-4714-a1f2-8f031044ae3b,The Blount Agency: Allstate Insurance,(315) 252-3413,https://agents.allstate.com/the-blount-agency-auburn-ny.html?utm_source=GMB&utm_medium=Website,4.4,17,"89 Grant Ave, Auburn, NY 13021, USA",Insurance Agency,~15mi radius,True,95,Hazard,
74f6af5f-8f12-4e7c-8816-165a0e87176a,McClurg | Design Build Remodel Repair,(315) 673-2051,http://www.mcclurgteam.com/,4.6,61,"60 E Main St, Marcellus, NY 13108, USA",Home Remodeling,~15mi radius,True,95,Hazard,"didnt connect, buy reney at desk was nice. tried to transfer twice"
ec949d87-8ebe-465e-9570-7ce4eff62475,MGB Renovations,(315) 246-0449,http://www.mgbrenovations.com/,5.0,10,"2314 Turnpike Rd, Auburn, NY 13021, USA",Home Remodeling,~15mi radius,True,95,Fairway,
5f0b988e-e9e6-42d2-b1e7-b6ec1ad02dea,Colere Homes,(315) 935-7996,http://www.colerehomes.com/,5.0,7,"7141 W Dead Creek Rd, Baldwinsville, NY 13027, USA",Home Remodeling,~15mi radius,True,95,Fairway,
2cbae4e9-bd9a-40db-9c86-7f5fb5253e0e,Hammer Brothers Construction,(315) 806-4532,https://www.hammerbrothersconstruction.com/,4.9,37,"2667 Ellsworth Rd, Baldwinsville, NY 13027, USA",Home Remodeling,~15mi radius,True,95,Fairway,
54700294-0f34-47b6-8d7f-27d892313b54,WeBuild CNY,(315) 283-5702,https://webuildcny.com/,4.1,9,"93 N Division St, Auburn, NY 13021, USA",Home Remodeling,~15mi radius,True,95,Hazard,
378f2b7d-8f8e-4afd-baaf-580c0d76c54d,Case Construction,(315) 664-4646,http://caseconstruction.net/,4.8,25,"8942 N Seneca St Suite 220, Weedsport, NY 13166, USA",Home Remodeling,~15mi radius,True,95,Hazard,
fba9b0f5-2f21-4d71-b109-726472d82e92,Scalice Custom Homes & Remodeling,(315) 673-2228,https://scalicecustom.com/,4.4,7,"4558 Limeledge Rd, Marcellus, NY 13108, USA",Home Remodeling,~15mi radius,True,95,Fairway,
834eef6a-f0a4-4110-8280-31ee25f25f81,Anthony Demarco & Sons,(315) 689-9884,https://www.demarcoandsons.com/,4.5,109,"211 W Main St, Elbridge, NY 13060, USA",Landscaping,~15mi zone,True,95,Fairway,
c07c8820-d88e-4894-ad11-876110a80cc5,Twin Rock Lawn & Landscape,(315) 882-5508,http://www.twinrocklandscape.com/,4.4,5,"4397 Vinegar Hill Rd, Skaneateles, NY 13152, USA",Landscaping,~15mi zone,True,95,Fairway,
137a9376-5c4b-443b-9fe5-30b8691986a4,Duckett Landscaping LLC,(315) 730-9704,https://www.duckettlandscapingllc.com/,5.0,3,"706 Franklin Rd, Skaneateles, NY 13152, USA",Landscaping,~15mi zone,True,95,Hazard,
85bc93a0-6eb5-4741-8acc-e3693a0c2b00,Quinn's Property Services,(315) 246-5182,http://www.quinnspropertyservices.com/,5.0,1,"44 Arlington Ave, Auburn, NY 13021, USA",Landscaping,~15mi zone,True,95,Fairway,
bc186c8c-19c4-46f6-809f-4b7e57182435,The Next Generation yard and Tree Services LLC we now offer snow removal,(315) 277-0851,https://jrhunter73.wixsite.com/thenextgenerationyar,4.6,20,"33 S Main St, Jordan, NY 13080, USA",Landscaping,~15mi zone,True,95,Fairway,
e4a21d4d-700e-47f0-9be6-33533fda65a0,Carroll Landscape & Tree Service LLC,(315) 925-7378,http://carrolltree.com/,5.0,18,"3932 Otisco Rd, Marietta, NY 13110, USA",Landscaping,~15mi zone,True,95,Fairway,
00cf88b5-89e5-4599-a0d0-36236b977b00,Award Winning Landscapes,(315) 488-1536,https://www.award-winning-landscapes.com/,5.0,15,"4678 NE Townline Rd, Marcellus, NY 13108, USA",Landscaping,~15mi zone,True,95,Hazard,
b1de72a9-2f6f-4eef-976b-7b2b3ae597e3,"Budget Cuts Lawn Service, LLC",(315) 380-8519,http://budgetcutslawnservice.weebly.com/,5.0,11,"4959 Aitchison Rd, Syracuse, NY 13215, USA",Landscaping,~15mi zone,True,95,Hazard,
dd8baec0-e05d-4b02-9953-9df1bb8c1f9f,"J.E.L. Lawn & Landscape, LLC",(315) 246-1911,https://www.jellandscape.com/,4.8,12,"1493 NY-414, Seneca Falls, NY 13148, USA",Landscaping,~15mi zone,True,95,Fairway,
356d7f83-aa65-417e-a709-d36707a4e33d,Total Lawn Care,(315) 730-9783,http://totalawncare.com/,4.9,11,"30 Tyler Ave, Seneca Falls, NY 13148, USA",Landscaping,~15mi zone,True,95,Fairway,
3348bf25-dccf-4720-88f6-5728c9564b9f,Sean's Lawns,(315) 651-7037,https://www.seanslawnsny.com/,4.1,14,"3241 Lake Rd, Seneca Falls, NY 13148, USA",Landscaping,~15mi zone,True,95,Hazard,
df23e225-e3d1-4015-a6c2-766bfa0f2807,Peruzzini Lawn Care,(315) 577-3992,https://sites.google.com/view/peruzzini-lawn-care/home?authuser=1,5.0,14,"113 State St, Seneca Falls, NY 13148, USA",Landscaping,~15mi zone,True,95,Fairway,
3ddcc2fe-0a79-4a70-9a7a-cdf7e4476a68,Dad and Son,(315) 651-8332,http://facebook.com/dbadadandson,5.0,15,"3831 Seybolt Rd, Seneca Falls, NY 13148, USA",Landscaping,~15mi zone,True,95,Hazard,
5b0eb525-4b72-499f-8472-8380bf9a3aed,Ben's Lawn Care LLC,(315) 759-1423,,5.0,3,"211 W Main St, Waterloo, NY 13165, USA",Landscaping,~15mi zone,True,95,Hazard,
56237369-0324-4a53-ae56-3dd310e31586,Syracuse Snow and Landscaping LLC,(315) 320-3309,https://www.syracusesnowandlandscaping.com/,5.0,27,"6332 Newport Rd, Warners, NY 13164, USA",Landscaping,~15mi zone,True,95,Hazard,
7b8e84fb-c241-49a5-acee-cc79bd7de846,Wolverton Services LLC,(315) 719-6365,https://www.wedigyourprojects.com/,4.9,19,"5608 NY-96, Romulus, NY 14541, USA",Landscaping,~15mi zone,True,95,Fairway,
c9af19ca-3512-47b2-b99e-63eab3b76233,Lake Life Real Estate Agency,(315) 559-7979,https://lakeliferea.com/,5.0,14,"38 E Genesee St, Skaneateles, NY 13152, USA",Real Estate,~15mi zone,True,95,Fairway,
1b1358ba-aaa0-48a6-a788-560c25e1c6d4,Murphy Real Estate,(315) 255-1766,https://www.shawnmurphyrealestate.com/,4.2,5,"144 Genesee St, Auburn, NY 13021, USA",Real Estate,~15mi zone,True,95,Fairway,
fb9848c0-8b9c-4941-8aa4-42b782e8330c,Berkshire Hathaway HomeServices CNY Realty,(315) 889-2000,http://www.natekrausehomes.com/,5.0,7,"113 Cayuga St, Union Springs, NY 13160, USA",Real Estate,~15mi zone,True,95,Fairway,"Andy Lucas,
Emily Cummo,
Jannis Hoffman (3233636424)"
936378cf-6977-48a2-b685-ee06982df679,Kayla Hill Homes - Skaneateles Realtor,(315) 391-3539,https://kaylahill.howardhanna.com/,5.0,5,"28 E Genesee St, Skaneateles, NY 13152, USA",Real Estate,~15mi zone,True,95,Fairway,
a7ab51a5-2bec-462c-913d-738a835b476c,"Michael DeRosa Exchange - (Skaneateles Lake) Finger Lakes, New York",(315) 685-7400,http://michaelderosaexchange.com/,5.0,8,"50 E Genesee St, Skaneateles, NY 13152, USA",Real Estate,~15mi zone,True,95,Fairway,
6eb62bc6-9ec4-467b-92d6-5c58420a4c0e,Picciano Real Estate,(315) 253-9771,http://www.piccianorealestate.com/,5.0,3,"80 E Genesee St, Auburn, NY 13021, USA",Real Estate,~15mi zone,True,95,Hazard,
c4b32877-9421-48ef-b8f2-29fb1385d27e,"Karissa Thompson, REALTOR",(315) 224-0969,http://www.keyswithkarissa.com/,5.0,13,"32 E Genesee St, Skaneateles, NY 13152, USA",Real Estate,~15mi zone,True,95,Fairway,
21b50563-b32f-4b61-a64a-ecf5fef08ce1,Bouck Commercial Real Estate Division,(315) 252-7503,http://www.bouckrealestate.com/,3.9,7,"110 Genesee St, Auburn, NY 13021, USA",Real Estate,~15mi zone,True,95,Hazard,
5e9aa3db-8d32-4937-8b51-ef979bd51216,"Loueen Rosenbush, Realtor - Berkshire Hathaway HomeServices CNY Realty",(607) 592-7400,https://www.bhhscnyrealty.com/skaneateles/loueen-rosenbush/cid-3046061,5.0,3,"32 E Genesee St, Skaneateles, NY 13152, USA",Real Estate,~15mi zone,True,95,Hazard,
7e4bca31-dbb9-40b4-aad2-eaa4310b7e9d,"Green Meadows Realty, LLC",(315) 406-0402,https://www.greenmeadowsrellc.com/,4.5,8,"8917 N Seneca St Suite 4, Weedsport, NY 13166, USA",Real Estate,~15mi zone,True,95,Hazard,
f69cb7a2-bc35-47a4-9ba6-47701275c38e,The Young Agency Real Estate,(315) 539-3323,https://www.tyarealestate.com/,4.4,83,"1126 Waterloo Geneva Rd, Waterloo, NY 13165, USA",Real Estate,~15mi zone,True,95,Fairway,
dbaa3163-af29-46b0-927a-0d83f8589fc4,CENTURY 21 Steve Davoli,(315) 568-2903,http://www.century21davoli.com/?utm_source=google&utm_medium=local&utm_campaign=localmaps&utm_content=2006100002,5.0,4,"2 Cayuga St, Seneca Falls, NY 13148, USA",Real Estate,~15mi zone,True,95,Tee Box,
f8061685-9a15-4fba-bc7a-0fbff3036814,Procopio Team @ Hunt Real Estate CNY,(315) 350-0571,https://procopiosellscny.com/,4.9,194,"8196 Oswego Rd, Liverpool, NY 13090, USA",Real Estate,~15mi zone,True,95,Do Not Call,
1f6a1a88-9057-4abf-b029-548dfdd2825c,Coldwell Banker Prime Properties,(315) 622-0161,https://www.coldwellbankerprime.com/liverpool,4.0,23,"8233 Park Ridge Path, Liverpool, NY 13090, USA",Real Estate,~15mi zone,True,95,Tee Box,
ea49160f-e6c8-437e-a8c2-a375b4d9de0e,Jeffrey MacBain - Hunt Real Estate,(518) 380-1381,https://jeffreymacbain.huntrealestate.com/,5.0,23,"4801 W Genesee St Suite 3, Syracuse, NY 13219, USA",Real Estate,~15mi zone,True,95,Do Not Call,
fa023a10-b8dc-4684-913c-2fe024a0af58,Kawelo Home Team at HUNT Real Estate ERA,(315) 920-1100,https://linktr.ee/kawelohometeam,5.0,40,"4801 Genesee St suite3, Syracuse, NY 13219, USA",Real Estate,~15mi zone,True,95,Do Not Call,
366250f7-788a-407a-985a-ad3f5fa01bff,Howard Hanna Camillus,(315) 487-0040,https://howardhanna.com/Office/Detail/camillus/1071,4.3,6,"5110 W Genesee St, Camillus, NY 13031, USA",Real Estate,~15mi zone,True,95,Do Not Call,
28ab3dc7-c71a-4bab-8710-cefb27cc5274,E W Baker Real Estate,(315) 635-1606,http://www.bakerrealestatecny.com/,4.4,7,"20 Oswego St, Baldwinsville, NY 13027, USA",Real Estate,~15mi zone,True,95,Tee Box,
2c3dc9aa-bc70-4eb6-9520-0bfffcddb625,"Raymond Grzenda, Hunt Real Estate ERA",(315) 380-7083,https://hunt4ray.com/,5.0,3,"8196 Oswego Rd, Liverpool, NY 13090, USA",Real Estate,~15mi zone,True,95,Do Not Call,
1c51f1f3-2e60-48dd-be58-a0eb4a24031a,Krista Jones - NYS Licensed Real Estate Associate Broker,(315) 863-5425,https://kristajonesrealestate.com/?utm_source=gbp&utm_medium=organic,5.0,60,"4801 W Genesee St Suite 3, Syracuse, NY 13219, USA",Real Estate,~15mi zone,True,95,Tee Box,
d87cc559-9c4e-4441-b836-b0cb1581731a,Christopher Dardano Real Estate,(315) 480-1551,http://www.chrisdardano.com/,5.0,10,"99 Yorkshire Blvd, Syracuse, NY 13219, USA",Real Estate,~15mi zone,True,95,Tee Box,
cbcda824-8232-4572-92a4-f5565d768e97,HUNT Real Estate ERA,(315) 622-5757,http://liverpoool.huntrealestate.com/,4.3,19,"8196 Oswego Rd, Liverpool, NY 13090, USA",Real Estate,~15mi zone,True,95,Do Not Call,
abcf6c8a-a3c0-406b-b0b9-fdd96c1a41ec,Kevin Little - Hunt Real Estate ERA,(315) 200-0061,https://www.procopiorealestate.com/team/a-kevin-little/,5.0,41,"4801 Genesee St Suite 3, Syracuse, NY 13219, USA",Real Estate,~15mi zone,True,95,Do Not Call,
ab30ab30d069-ade0-432a-8fb5-195ab27d0578,Kevin Hanlon at Coldwell Banker Prime Properties,(315) 439-7601,https://www.coldwellbankerprime.com/kevin.hanlon,5.0,8,"8233 Park Ridge Path, Liverpool, NY 13090, USA",Real Estate,~15mi zone,True,95,Tee Box,
5a289e02-6432-4ff8-89fc-a81913aed67d,"Scott Hier, Licensed Real Estate Sales",(315) 409-9959,https://scotthier.huntrealestate.com/,5.0,24,"4801 Genesee St, Syracuse, NY 13219, USA",Real Estate,~15mi zone,True,95,Tee Box,
7dc36e25-278e-4b80-850a-d5b8705669d6,"Jean Nicholas, Coldwell Banker Prime Properties",(315) 447-0520,https://jean-nicholas.coldwellbankerprime.com/,5.0,23,"8233 Park Ridge Path, Liverpool, NY 13090, USA",Real Estate,~15mi zone,True,95,Tee Box,
4581739f-52b2-40c9-8dce-91214c1b0d41,Karen Blanding,(954) 445-4633,https://rememberthereddoor.com/?utm_source=gbp&utm_medium=organic,5.0,11,"8196 Oswego Rd, Liverpool, NY 13090, USA",Real Estate,~15mi zone,True,95,Tee Box,
4571e1b9-f80a-41aa-a523-a7b9262105fa,James Gamble at Coldwell Banker Prime Properties,(315) 436-1065,https://www.coldwellbankerprime.com/james.gamble,5.0,9,"5008-5010 W Genesee St, Camillus, NY 13031, USA",Real Estate,~15mi zone,True,95,Tee Box,
ae21805c-68ff-4f26-96ab-671c72cfb920,"Elizabeth Losty, Central New York's Make It Happen Realtor with Hunt Real Estate Era",(315) 256-6248,http://bethlosty.com/,5.0,9,"4801 W Genesee St Suite 3, Syracuse, NY 13219, USA",Real Estate,~15mi zone,True,95,Do Not Call,
c6f7d7e2-54b3-4313-af41-21792d133f01,HUNT Real Estate ERA,(315) 488-2926,http://camillus.huntrealestate.com/,3.7,9,"4801 Genesee St Suite 3, Syracuse, NY 13219, USA",Real Estate,~15mi zone,True,95,Do Not Call,
2d670d1c-6928-4db6-af96-ff603f412f45,"Jennifer Janus, Licensed Real Estate Salesperson",(315) 729-8669,https://jenniferjanus.huntrealestate.com/,5.0,4,"8196 Oswego Rd, Liverpool, NY 13090, USA",Real Estate,~15mi zone,True,95,Tee Box,
90da795c-23ee-4ccf-8f0f-edc1dc1f3eef,"Anna Phillips, Hunt Real Estate ERA",(315) 247-4032,https://www.homesnap.com/Anna-Phillips-2/gmb,5.0,48,"8196 Oswego Rd, Liverpool, NY 13090, USA",Real Estate,~15mi zone,True,95,Do Not Call,
d88565f3-9cd4-4465-808c-7cebafb8ee6a,Excel Realtors,(315) 458-8121,http://www.excelrealtorsny.com/,2.6,5,"3989 Elmcrest Rd, Liverpool, NY 13090, USA",Real Estate,~15mi zone,True,95,Tee Box,
442c03a0-67fc-4b59-ae9c-8671d23f004e,Metacuse Real Estate | we buy houses Utica | sell my house fast Utica |,(315) 570-3929,https://www.metacuse.com/,5.0,49,"113 Meadowlane Dr, Camillus, NY 13031, USA",Real Estate,~15mi zone,True,95,Tee Box,
eb0937f1-3ac5-44a5-bb79-b0c9e35a3c17,"Sarah Massett, Hunt Real Estate Era",(315) 439-1105,http://sarahmassett.realtor/,5.0,16,"4801 Genesee St Suite 3, Syracuse, NY 13219, USA",Real Estate,~15mi zone,True,95,Do Not Call,
0e4081f5-ade9-4c24-8c4e-b030c088f92b,Robert Harvey - Hunt Real Estate/ERA,(315) 430-7911,https://robertharvey.huntrealestate.com/,4.8,25,"8196 Oswego Rd, Liverpool, NY 13090, USA",Real Estate,~15mi zone,True,95,Do Not Call,
ebf6ab7e-b097-4235-815c-d5eddac771d8,"Stephanie Scriven, Realtor",(315) 569-8931,http://stephaniescriven.com/,5.0,75,"6171 Airport Rd, Syracuse, NY 13209, USA",Real Estate,~15mi zone,True,95,Tee Box,
775e3b44-e78e-4cb1-b327-2616fe1d166c,Towpath Homes,(315) 923-7653,https://www.towpathhomes.com/,3.0,6,"235 Elm St, Clyde, NY 14433, USA",Real Estate,~15mi zone,True,95,Tee Box,
670f9dcd-4b52-4755-9f2e-606968f2985a,Nicole McNeilly,,https://nmcneilly.acropolisrealtygroup.com/bio/NMcNeilly,5.0,12,"Acropolis Realty Group, 100 Genesee St Suite 20, Auburn, NY 13021, USA",Real Estate,~15mi zone,True,95,Tee Box,
d5dbc20e-44da-4279-a093-2b91834be503,Nick Sinay - Sinay Real Estate,(315) 436-3496,https://www.sinayrealestate.com/,5.0,18,"28 E Genesee St, Skaneateles, NY 13152, USA",Real Estate,~15mi zone,True,95,Tee Box,
4d0f6316-f3b1-43c9-a3ee-b4c44e90bd40,Kelli Ide Real Estate Services- Skaneateles Realtor,(315) 706-9692,http://www.kelliide.com/,5.0,6,"50 E Genesee St, Skaneateles, NY 13152, USA",Real Estate,~15mi zone,True,95,Tee Box,
11365db6-1336-4710-8f03-0f09266f1931,"Bradley Wilson, Agent at Howard Hanna Skaneateles",(315) 291-0808,https://bradleywilsonrealestate.com/,5.0,10,"44 E Genesee St, Skaneateles, NY 13152, USA",Real Estate,~15mi zone,True,95,Do Not Call,
c0d35f34-d050-4fa2-aef7-185650d86a7c,Cheryl St. Fleur - Skaneateles Realtor®,(315) 283-4250,http://cheryllovesrealestate.com/,5.0,17,"32 E Genesee St, Skaneateles, NY 13152, USA",Real Estate,~15mi zone,True,95,Tee Box,
3b11a86e-2132-44a9-ad76-660525d13fb8,Robert Zaccaria | CNY Realtor,(315) 436-1298,https://substack.com/@robertzaccaria,5.0,5,"44 E Genesee St, Skaneateles, NY 13152, USA",Real Estate,~15mi zone,True,95,Tee Box,
5bb0e90d-8478-480d-817e-4de6c011fd77,Amber Spain-Mosher,(315) 579-4555,https://www.amberincny.com/,5.0,16,"16 Jordan St, Skaneateles, NY 13152, USA",Real Estate,~15mi zone,True,95,Tee Box,
2f9e8466-bca7-42f7-bc14-9af89345f96f,"Lori Harrington, Howard Hanna Real Estate",(315) 727-3406,https://www.howardhanna.com/Agent/Detail/Lori-Ann-Harrington/10700706,5.0,17,"5110 Genesee St, Camillus, NY 13031, USA",Real Estate,~15mi zone,True,95,Tee Box,
787ff936-5805-4f51-b924-cc234aedf7fd,"Debra Lawrence Real Estate Salesperson , SYRACUSE AND CENTRAL NEW YORK, Howard Hanna Real Estate Services",(315) 374-3611,https://debralawrencerealtor.com/,5.0,4,"5110 W Genesee St, Camillus, NY 13031, USA",Real Estate,~15mi zone,True,95,Tee Box,
fd781be6-ed81-4101-9906-fc227bcbc3cc,Tamrah Pedrotti | RE Salesperson @ eXp Realty,(315) 506-0450,http://tamrahpedrotti.com/,5.0,2,"5099 Genesee St, Camillus, NY 13031, USA",Real Estate,~15mi zone,True,95,Tee Box,
9afc1d44-47b1-47fe-8531-d611b333346b,Holly Kane Real Estate at Coldwell Banker Prime Properties,(315) 415-1094,http://hollykanerealestate.com/,5.0,34,"8233 Park Ridge Path, Liverpool, NY 13090, USA",Real Estate,~15mi zone,True,95,Tee Box,
94d9bf05-146b-447d-98bb-c48098d238f0,Anthony Osborne - Coldwell Banker Prime Properties,(315) 506-2291,https://anthony-osborne.coldwellbankerprime.com/,5.0,37,"8233 Park Ridge Path, Liverpool, NY 13090, USA",Real Estate,~15mi zone,True,95,Tee Box,
6ead1616-5239-46d6-bc96-3fbae9a58380,Ryan Millard at Coldwell Banker Prime Properties,(315) 727-4062,https://ryan-millard.coldwellbankerprime.com/,5.0,100,"8233 Park Ridge Path, Liverpool, NY 13090, USA",Real Estate,~15mi zone,True,95,Tee Box,
7f763fcc-1a07-4562-a39d-b2bd7c6180a3,"Andrew DiGiacomo, Broker Associate",(315) 480-3095,http://lifesimplehomes.com/,4.8,18,"8196 Oswego Rd, Liverpool, NY 13090, USA",Real Estate,~15mi zone,True,95,Tee Box,
6520050e-0db7-44ca-b1b7-0ac1aefa7a12,"Denise Van Patten, Your CNY Real Estate Connection",(315) 436-6992,https://cnyrealestateconnection.com/?utm_source=gbp&utm_medium=organic,5.0,6,"8 River St, Baldwinsville, NY 13027, USA",Real Estate,~15mi zone,True,95,Tee Box,
65c813f9-f964-4d67-9c14-b26f25a17770,"James Burnham - Coldwell Banker Prime Properties, Professional Real Estate Salesperson",(315) 529-1899,http://www.jrburnham.com/,4.9,22,"8233 Park Ridge Path, Liverpool, NY 13090, USA",Real Estate,~15mi zone,True,95,Tee Box,
bdc7a72c-11da-4ba8-8dbd-4ad41691044a,HHC Realty,(315) 303-2129,http://www.hhcrealty.com/,5.0,7,"12 Oswego St, Baldwinsville, NY 13027, USA",Real Estate,~15mi zone,True,95,Fairway,
4d37445f-bbbd-4b4d-ac97-49fd32f8bf47,Amber Cavedine - Real Estate Broker,(716) 316-7201,https://www.facebook.com/AmberCavedineRealtor,5.0,5,"8196 Oswego Rd, Liverpool, NY 13090, USA",Real Estate,~15mi zone,True,95,Fairway,
8830fc73-a060-499f-91ad-be8b79084e70,Jacob Loope at Coldwell Banker Prime Properties,(315) 884-0868,http://jacobloope.com/,5.0,3,"8233 Park Ridge Path, Liverpool, NY 13090, USA",Real Estate,~15mi zone,True,95,Tee Box,
cf65d300-8602-4519-89f1-1e98d7c9eeee,"Robert "" Bob"" Joeckel, Hunt Real Estate ERA",(315) 263-1023,https://bobjoeckel.huntrealestate.com/,5.0,33,"8196 Oswego Rd, Liverpool, NY 13090, USA",Real Estate,~15mi zone,True,95,Hazard,
2bff15f3-228d-4200-b5ea-e889c767a145,"Paige King, Hunt Real Estate ERA",(315) 399-2766,https://paigebilly.huntrealestate.com/,4.8,13,"8196 Oswego Rd, Liverpool, NY 13090, USA",Real Estate,~15mi zone,True,95,Fairway,
650fe07e-c6eb-4f58-847a-b7421e5749e8,Robert Parsley at Hunt Real Estate,(315) 741-7573,https://robertparsley.huntrealestate.com/,5.0,11,"8196 Oswego Rd, Liverpool, NY 13090, USA",Real Estate,~15mi zone,True,95,Hazard,
ade365d3-67c4-4813-b7d0-8512bb5b8d68,Fall Street Rentals,(315) 568-8070,http://fallstreetrentals.com/contact.php,3.5,22,"34 Fall St, Seneca Falls, NY 13148, USA",Real Estate,~15mi zone,True,95,Fairway,
a31a8301-d79e-4c79-a10f-f55e403aa252,Hills Heating Auburn,(315) 253-6869,http://locations.where2getit.com/napoleonfireplaces/NY/AUBURN/D-uCW052-1/index.html?utm_source=Google&utm_medium=Maps&utm_campaign=Google+Places,4.5,4,"2121 W Genesee St Rd, Auburn, NY 13021, USA",Plumber,~10mi zone,True,95,Fairway,
9ee1bfc8-e515-4b79-b69d-1ef816b58552,Mathieson Septic Services,(315) 253-2132,https://www.mathiesonseptic.com/,5.0,3,"10 South St, Auburn, NY 13021, USA",Plumber,~10mi zone,True,95,Fairway,
2154758b-8429-4c25-a6bf-d6028e7d77f8,"Roto-Rooter Plumbing, Drain, & Water Cleanup Service",(315) 216-7675,https://www.rotorooter.com/skaneatelesny/,5.0,8,"1326 New Seneca Turnpike, Skaneateles, NY 13152, USA",Plumber,~10mi zone,True,95,Fairway,irene - marketing manager
e7730dcd-747f-4c40-aded-33118d3ad481,A-Verdi Septic Services,(315) 365-2853,http://www.averdiseptic.com/,4.8,99,"14150 NY-31 Suite 2, Savannah, NY 13146, USA",Plumber,~10mi zone,True,95,Fairway,"Left info, receptionst said she would pass along"
ed900de8-3df4-4f58-a67c-6a17bfef0912,Falso Heating,(315) 446-1375,https://www.falsoserviceexperts.com/,5.0,3,"101 Athens Ave, Elbridge, NY 13060, USA",Plumber,~10mi zone,True,95,Hazard,
f88f923a-10dc-4215-aa99-ef3a183acf63,Laird's JL Construction LLC,(315) 730-0032,,5.0,1,"1554 NY-31, Port Byron, NY 13140, USA",Home Remodeling,~15mi zone,True,95,Fairway,
3963fa6f-d4bf-4bbb-b9fa-ef92e6ec16da,Cooper's Roofing & Contracting,(315) 515-9968,https://www.coopersrc.com/,5.0,1,"7363 State Street Rd, Auburn, NY 13021, USA",Home Remodeling,~15mi zone,True,95,Fairway,
538579fc-5fb2-47b7-a7a6-e0d6e1993c0e,Synergy Contracting,(315) 224-3771,http://facebook.com/BuiltBySyn,4.5,8,"Auburn, NY 13021, USA",Home Remodeling,~15mi zone,True,95,Fairway,
8ffc22f9-6a28-4c76-a569-890713e2472b,M C Townsend & Sons Construction Co,(315) 776-4067,,5.0,1,"8208 NY-90, Montezuma, NY 13117, USA",Home Remodeling,~15mi zone,True,95,Fairway,vm full
9d55409a-9301-486e-9dc4-503413d5f6d7,Thorpe Residential & DeSigns,(315) 406-8657,http://dutchess.site123.me/,5.0,6,"622 Maple Dr, Skaneateles Falls, NY 13153, USA",Home Remodeling,~15mi zone,True,95,Hazard,
2c8e1fbf-ea5f-4d5f-8513-82dc4a10cac3,Tom Weaver & Son Excavating,(315) 729-1859,,5.0,1,"2540 Fleming Scipio Townline Rd, Auburn, NY 13021, USA",Home Remodeling,~15mi zone,True,95,Fairway,
7191606a-623e-4196-975b-dd75bad6e34a,Masonry Specialist,(315) 406-8031,,5.0,1,"25 Wilbur Ave, Auburn, NY 13021, USA",Home Remodeling,~15mi zone,True,95,Fairway,
9e030d80-9d71-4d79-86df-155b2eef3193,O'Hara Excavating,(315) 224-6495,http://oharaexcavatingllc.com/,5.0,11,"7805 County Line Rd, Auburn, NY 13021, USA",Home Remodeling,~15mi zone,True,95,Fairway,
8b09b56a-54fd-429f-8228-4e9af2e85d8e,Hutchings Masonry & Construction,(315) 406-4189,,4.8,4,"10 South St, Auburn, NY 13021, USA",Home Remodeling,~15mi zone,True,95,Fairway,
3cde6db5-dbee-4499-978d-40e361510ea7,Campbell & Sons Contracting LLC⁷,(680) 285-5063,,5.0,1,"9915 Oakland Rd, Weedsport, NY 13166, USA",Home Remodeling,~15mi zone,True,95,Fairway,
0d99d7f5-395b-479b-9110-54f72b637acf,Blue Heron Construction,(315) 689-6482,http://www.blue-heron-construction.com/,5.0,5,"9289 Bonta Bridge Rd, Jordan, NY 13080, USA",Home Remodeling,~15mi zone,True,95,Hazard,
2664b8ba-e1d4-4dde-bf4b-6d1a2bf2be12,RE Kelley,(315) 568-0982,http://www.rekelley.com/,5.0,3,"1383 NY-96, Waterloo, NY 13165, USA",Home Remodeling,~15mi zone,True,95,Green,"emailed julie, she has to run it by president. out of buffalo office."
8809ecb4-41fe-4ce1-99eb-79751c6af325,Syracuse Home Repair,(315) 925-2254,https://sites.google.com/view/budowa-construction/home-page,5.0,8,"19 Tappan St, Baldwinsville, NY 13027, USA",Home Remodeling,~15mi zone,True,95,Hazard,
242d25f2-14a2-4e2c-b86e-3d3c5f0dae98,Michael C. Graham & Son,(315) 825-6313,https://michaelcgrahamandson.com/?utm_source=google&utm_medium=organic&utm_campaign=gmb-primary-link,5.0,113,"3479 Stiles Rd, Syracuse, NY 13209, USA",Home Remodeling,~15mi zone,True,95,Fairway,
f23d8724-3885-4084-8575-50ef724ccbe9,Rome Bath Remodeling of Syracuse,(800) 755-7663,https://romebathremodeling.com/locations/syracuse-ny/,4.9,17,"7153 State Fair Blvd, Syracuse, NY 13209, USA",Home Remodeling,~15mi zone,True,95,Hazard,
34ba74d9-051b-434c-93fc-8c14d9114604,Your Kitchen and Interior Projects,(315) 239-4226,http://www.yourkitchenllc.com/,5.0,8,"3460 County Line Rd, Skaneateles, NY 13152, USA",Home Remodeling,~15mi zone,True,95,Flagstick,"talked with ilona, 395, call wed
"
3773fdc7-ef6e-4636-98ae-e10a889348f6,Jackie's Kitchen & Bath Design,(315) 209-2144,https://www.jackieskitchenandbathdesign.com/,5.0,3,"16 S Main St, Jordan, NY 13080, USA",Home Remodeling,~15mi zone,True,95,Tee Box,
14e40e7c-40ca-44f8-86a2-2363fbf2beac,Spoca Kitchen and Bath LLC,(315) 481-9538,http://www.spocakitchenandbath.com/,5.0,16,"5111 Genesee St, Camillus, NY 13031, USA",Home Remodeling,~15mi zone,True,95,Hazard,
046fccb4-7fc7-482d-9cae-51e9c7f98d63,Hoover's Kitchens,(315) 568-6506,http://hooverskitchens.com/,4.9,13,"2680 Airport Rd, Seneca Falls, NY 13148, USA",Home Remodeling,~15mi zone,True,95,Hazard,
f71151ff-e0e0-4a25-b67e-385aa1d87f2b,Bath Renew,(315) 468-3072,http://www.bathrenew.com/?utm_campaign=gmb,4.9,109,"929 State Fair Blvd, Syracuse, NY 13209, USA",Home Remodeling,~15mi zone,True,95,Fairway,
ba62b1b1-4215-435e-8555-6eacacd25d20,Comfort Showers & Baths,(315) 562-0835,https://www.comfortshowersandbaths.com/,3.3,3,"3606 John Glenn Blvd, Syracuse, NY 13209, USA",Home Remodeling,~15mi zone,True,95,Green,"Spoke with alivia, emailed jason"
384dbfad-a909-4652-a153-798f6cad927c,Hamblin Pools,(315) 651-1304,http://hamblinpools.com/,4.8,154,"2024 US Route 5&20, Seneca Falls, NY 13148, USA",Pool & Patio,~15mi zone,True,95,Fairway,
ece1fb42-8d94-4cc6-b6c4-7d27d0bc3570,Syracuse Pool & Patio,(315) 468-6884,https://fairmountpoolcenter.com/,3.8,18,"114 Chapel Dr, Syracuse, NY 13219, USA",Pool & Patio,~15mi zone,True,95,Hazard,
53d181e5-2797-4c8c-9ff1-fca4ad1b271a,Butler's Sales & Service,(315) 253-7237,https://butlerssalesandservice.com/,3.6,43,"2370 Turnpike Rd, Auburn, NY 13021, USA",Pool & Patio,~15mi zone,True,95,Fairway,
b014fedf-df95-462f-812f-abc37c32f999,CNY Evergreen Concrete,(315) 935-7997,http://www.cnyevergreen.com/,4.9,143,"8288 Redwing Dr, Liverpool, NY 13090, USA",Pool & Patio,~15mi zone,True,95,Fairway,
8ea2a483-a01f-4bf2-8be8-29476c4efbe6,The Outside Guys,(315) 863-9114,https://m.facebook.com/theoutsideguys/,4.9,61,"929 State Fair Blvd, Syracuse, NY 13209, USA",Pool & Patio,~15mi zone,True,95,Hazard,
235e0e6e-10fa-4f7d-8a1b-45b583221a02,A&M Graphics,(315) 282-7285,https://www.aandmgraphics.net/,4.9,160,"202 Grant Ave, Auburn, NY 13021, USA",Luxury Interior,~15mi zone,True,95,Hazard,
76053882-6e99-4c3a-a39c-681a7103d78a,American Drapery & Interiors,(315) 689-1980,https://ameridrape.com/,4.8,5,"482 NY-31, Jordan, NY 13080, USA",Luxury Interior,~15mi zone,True,95,Hazard,
a352b8bf-6ac6-475b-bfc2-cac521c32e43,Joseph Rivers Painting - Skaneateles,(315) 500-0577,https://josephriverspainting.com/,5.0,49,"1551 E Genesee St, Skaneateles, NY 13152, USA",Luxury Interior,~15mi zone,True,95,Fairway,
69034203-9d62-472f-aaef-bdc08c2dfdba,"Savvy Staging & Associates, LLC",(315) 436-3941,http://www.savvystagingsyr.com/,4.8,44,"6652 E Sorrell Hill Rd, Warners, NY 13164, USA",Luxury Interior,~15mi zone,True,95,Fairway,
28c0d5c6-92e7-4644-a874-2ac5a36c9f07,Beauty X Design,(315) 804-7102,http://www.beautyxdesign.co/,5.0,3,"8218 Emerick Rd, Baldwinsville, NY 13027, USA",Luxury Interior,~15mi zone,True,95,Hazard,
6cb2873a-f9e4-41c4-8ecd-c7a03de704b2,Nest 58,(315) 685-5888,http://www.nest58.com/,4.8,16,"58 E Genesee St, Skaneateles, NY 13152, USA",Luxury Interior,~15mi zone,True,95,Tee Box,
bba3b6da-00d8-473a-92d9-ca94ab607a56,Marty's Barn Cellar,(315) 689-9927,http://www.martysbarncellar.com/,4.7,77,"262 E Main St, Elbridge, NY 13060, USA",Luxury Interior,~15mi zone,True,95,Green,"emailed joshua, owners husband, if no hear back call in a few days"
7d7c5cef-cb8b-4aab-8072-7d19a74f4296,Bartolotta Brothers Furniture,(315) 252-2220,http://bartolottafurniture.com/,5.0,2,"282 State St, Auburn, NY 13021, USA",Luxury Interior,~15mi zone,True,95,Fairway,
9aa3c29e-18cd-439c-b267-17f7cb4b54b2,Swift Woodworks,(315) 246-6829,http://www.swiftwoodworks.com/,5.0,3,"Auburn, NY 13021, USA",Luxury Interior,~15mi zone,True,95,Fairway,
6181c38f-d1e4-4698-9e79-21102e460ad1,Danmade Designs,(315) 730-0398,http://danmadedesigns.com/,5.0,5,"9800 Baker Rd, Weedsport, NY 13166, USA",Luxury Interior,~15mi zone,True,95,Fairway,
06135478-9ff9-4ab8-851f-c09079d06647,Martin's Amish Furniture,(315) 539-8102,http://martinsamishfurniture.com/,4.6,266,"1138 NY-318, Waterloo, NY 13165, USA",Luxury Interior,~15mi zone,True,95,Hazard,
e8b1c102-16f5-47d6-852e-6fc9cce5f88b,The Bed Shed,(315) 604-7172,https://bedshed.net/,4.9,53,"1177 NY-5, Elbridge, NY 13060, USA",Luxury Interior,~15mi zone,True,95,Hazard,
beea5719-797e-4e21-8d89-f91201946882,Wescotts Furniture Stripping and Quality Refinishing,(315) 365-3211,http://www.wescottsfurniturerefinishing.com/,4.9,14,"303 NY-89, Savannah, NY 13146, USA",Luxury Interior,~15mi zone,True,95,Hazard,
9bf0e217-7e7a-4615-ba89-23cbd622dc39,Love After Tone,(315) 224-8442,http://www.loveaftertone.com/,5.0,3,"4357 Jordan Rd Suite 1, Skaneateles, NY 13152, USA",Luxury Interior,~15mi zone,True,95,Fairway,left vm for paul with envision events
979f7439-61a0-4227-8a03-b7c57c39a7d1,Vintage Lighting,(315) 364-8182,http://www.vintage-lighting.com/,5.0,9,"371 Main St, Aurora, NY 13026, USA",Luxury Interior,~15mi zone,True,95,Tee Box,
aec868e8-73d3-435f-8d49-f3e80ec38b54,AAV Electrical Contracting,(315) 413-9000,http://aavelectrical.com/,5.0,3,"110 Managers Pl, Syracuse, NY 13209, USA",Luxury Interior,~15mi zone,True,95,Tee Box,
80753427-e062-42dc-89ba-40119e56ff52,Ferrara Lumber,(315) 568-9431,https://www.doitbest.com/ferrara-lumber/,4.7,107,"9 Rumsey St, Seneca Falls, NY 13148, USA",Luxury Interior,~15mi zone,True,95,Tee Box,
ad995f14-c30b-485e-8a03-25a004e4d209,Skaneateles Dogs,(315) 975-7305,https://skaneatelesdogs.com/,5.0,54,"796 W Genesee Street Rd, Skaneateles, NY 13152, USA",Pet Services,~15mi zone,True,95,Fairway,
2673b0bf-757a-4fc8-83eb-edda85fa673c,Five Star Dog Grooming,(315) 283-1435,http://www.fivestardoggrooming.com/,4.8,121,"1579 Clark Street Rd Unit c3, Auburn, NY 13021, USA",Pet Services,~15mi zone,True,95,Fairway,
d4a4d741-e24a-47fe-abca-2a2b5c4938a0,Lucky Dogs,(315) 685-2323,http://www.shopluckydogs.com/,5.0,27,"22 Jordan St Unit C, Skaneateles, NY 13152, USA",Pet Services,~15mi zone,True,95,Fairway,
4cea0e66-0af5-47a1-88c4-92b1ec25033f,Paws 'n Purrs Pet Care,(315) 224-8163,http://pawsnpurrspetcare.com/,4.8,37,"2608 Turnpike Rd, Auburn, NY 13021, USA",Pet Services,~15mi zone,True,95,Hazard,
768318a2-77cd-40f5-bd0e-7186b616260f,Bailey's Bubble Bus Mobile Grm,,,5.0,1,"10 South St, Auburn, NY 13021, USA",Pet Services,~15mi zone,True,95,Tee Box,
da240888-4c16-4848-a5c8-3b2b170c6732,Cassandra’s Pet Salon,(315) 237-4545,https://www.fresha.com/book-now/cassandras-pet-salon-b7vtgpp8/all-offer?share&pId=2559202,5.0,14,"2688 E Brutus St, Weedsport, NY 13166, USA",Pet Services,~15mi zone,True,95,Tee Box,
7734496d-39c3-4eed-8aa9-26062c19fa2c,Deer Creek K-9 Cuts,(315) 834-9663,https://ps9pets.top/,4.7,23,"8891 S Seneca St, Weedsport, NY 13166, USA",Pet Services,~15mi zone,True,95,Tee Box,
a4f0d209-36eb-4774-b471-8edd9665f9d2,Wags Professional Grooming Salon,(315) 673-1033,http://gowagsgrooming.com/,5.0,6,"3770 Lee-Mulroy Rd, Marcellus, NY 13108, USA",Pet Services,~15mi zone,True,95,Tee Box,
f61f708c-f530-4a73-aa80-d3fc9f83c25b,Ultimate Grooming by Stacy,(315) 677-1548,http://www.ultimategroomingbystacy.com/,4.8,4,"1661 Cherry Valley Turnpike, Skaneateles, NY 13152, USA",Pet Services,~15mi zone,True,95,Tee Box,
3613c2ab-6620-4ef0-a6ee-781ccc2cfda2,Salty Dog Ranch,(315) 207-7679,http://www.saltydogranch.com/,4.9,30,"6001 W Genesee St, Camillus, NY 13031, USA",Pet Services,~15mi zone,True,95,Tee Box,
e2155074-2c4b-492d-b41e-80ee9d4dbf99,Wags Pet Center,(315) 673-9090,http://www.wagspetcenter.com/,4.8,42,"3770 Lee-Mulroy Rd, Marcellus, NY 13108, USA",Pet Services,~15mi zone,True,95,Tee Box,
137a99ca-2c8f-41e8-9e26-e0dcc967392d,Ku's Groom,(315) 714-6011,http://kusgroom.com/,5.0,45,"18 E Main St, Waterloo, NY 13165, USA",Pet Services,~15mi zone,True,95,Tee Box,
fb29cbd6-2fd1-4126-8253-0073109c7df2,Four Tails Pet Spa,(315) 651-7174,https://book.squareup.com/appointments/5jl0ue801d9tgk/location/LSTVGE02C4Y6H/services,5.0,13,"149 Fall St, Seneca Falls, NY 13148, USA",Pet Services,~15mi zone,True,95,Tee Box,
f79d46bc-1bbc-480a-9e20-e6194ad47c42,Phoebe's K9 Resort,(315) 712-4291,http://phoebesk9resort.com/,4.9,80,"92 Garden St, Seneca Falls, NY 13148, USA",Pet Services,~15mi zone,True,95,Tee Box,
fc0fa2ea-2ea4-4f3f-a9af-d868ce3c71d9,Schultz Pet Sales & Services,(315) 539-9357,https://beverlyanimalshelter.com/shultz-pet-store/,4.2,22,"50 E River St, Waterloo, NY 13165, USA",Pet Services,~15mi zone,True,95,Tee Box,
1d13efdd-ba31-4883-9a8a-e447aa67cdf0,Pawz for Beauty Grooming,(315) 975-5558,https://booking.moego.pet/ol/PawzForBeautyGrooming/landing,4.9,26,"86 W Genesee St, Baldwinsville, NY 13027, USA",Pet Services,~15mi zone,True,95,Tee Box,
8540bb3d-af26-4494-8608-d7855d868902,CNY Canine Academy,(315) 935-6245,http://cnycanineacademy.com/,4.8,126,"73 E Genesee St, Baldwinsville, NY 13027, USA",Pet Services,~15mi zone,True,95,Fairway,
1740a489-1627-4e43-ad37-4d2c72bedda6,Custom K9 Grooming Salon,(315) 303-4081,https://m.facebook.com/customk9grooming/,4.7,30,"3 Mechanic St unit 4, Baldwinsville, NY 13027, USA",Pet Services,~15mi zone,True,95,Do Not Call,
e42f6445-571a-430b-89ca-2ba7ddf4e4c7,The Groomers,(315) 956-3599,http://www.facebook.com/groomersincamillus,4.5,8,"3317 Warners Rd, Camillus, NY 13031, USA",Pet Services,~15mi zone,True,95,Do Not Call,
f387c4ce-9ef8-4fba-aaba-0b14347a49e7,Casey's Kennels,(315) 497-0304,,4.9,16,"3570 12 Corners Rd, Moravia, NY 13118, USA",Pet Services,~15mi zone,True,95,Fairway,
20334cb1-ba9d-424f-a66c-a279065536af,Naumann's Golden Kennel,(315) 784-5304,http://www.naumannsgoldenkennel.com/,4.6,11,"5125 Martin Rd, Auburn, NY 13021, USA",Pet Services,~15mi zone,True,95,Fairway,
4f19ac0a-72c7-46f5-81b8-eb3918b59149,Auburn Kennels,(315) 730-1521,https://auburnkennels.com/,5.0,56,"7510 County House Rd, Auburn, NY 13021, USA",Pet Services,~15mi zone,True,95,Fairway,
ce39d978-d201-45e3-98bb-fd31300a119c,Windsong Farms Pet Boarding,(315) 252-5241,,4.5,18,"6475 Town Hall Rd, Auburn, NY 13021, USA",Pet Services,~15mi zone,True,95,Fairway,
134a5aa6-807c-4517-8584-0c83438bb825,Cats Meow Inn,(315) 484-4821,https://www.catsmeowinnskn.com/contact,5.0,9,"4265 Jordan Rd, Skaneateles, NY 13152, USA",Pet Services,~15mi zone,True,95,Fairway,
15167d1f-bb35-40e6-a3f5-9c27b3face3a,Blue Line Acres,(315) 720-2641,http://bluelineacres.com/?utm_source=gmb&utm_medium=referral,5.0,7,"2141 Buckwheat Rd, Tully, NY 13159, USA",Pet Services,~15mi zone,True,95,Fairway,
4843c64b-cb34-4799-80be-f6e66ed78e4c,FROST HILL FARMS and Kennels LLC.,(315) 923-9737,http://frosthillfarmsandkennels.com/,5.0,5,"553 Glover Rd, Clyde, NY 14433, USA",Pet Services,~15mi zone,True,95,Tee Box,
efb26882-226e-43e1-bf07-be16a6f583c7,PetVet Vaccination Clinic,(800) 427-7973,https://locations.petvet.vippetcare.com/ny/auburn/360-grant-ave./1560/?utm_source=gbp&utm_medium=website_button&utm_campaign=gbp_website_clicks,4.8,13,"360 Grant Ave, Auburn, NY 13021, USA",Pet Services,~15mi zone,True,95,Tee Box,
7c4e4ab1-348b-4350-87ca-f7bdba05afba,Vetco Vaccination Clinic,(315) 253-0703,https://stores.petco.com/ny/auburn/vaccinations-auburn-ny-2784.html,4.5,33,"1622 Clark Street Rd, Auburn, NY 13021, USA",Pet Services,~15mi zone,True,95,Tee Box,
460b0e38-8c35-4ef3-a211-ed5cf646667c,Moravia Veterinary Hospital,(315) 497-9993,https://www.moraviavet.com/,4.6,138,"68 Central St, Moravia, NY 13118, USA",Pet Services,~15mi zone,True,95,Tee Box,
bb3e4172-5d4f-4c0c-8c7a-e7e1492b1f1a,Animal Wellness of Skaneateles,(315) 685-2188,http://skaneatelesvet.com/,4.9,192,"1661 U.S. Rte 20, Skaneateles, NY 13152, USA",Pet Services,~15mi zone,True,95,Tee Box,
9b0724fc-4232-4e0d-9701-f15fd456277e,"Camillus Animal Clinic, PC",(315) 672-3139,http://www.camillusanimalclinic.com/,4.1,152,"31 W Genesee St, Camillus, NY 13031, USA",Pet Services,~15mi zone,True,95,Tee Box,
1befc12c-a257-45bc-bc2b-a39921b0f918,CountryMax- Auburn,(315) 612-9219,https://www.countrymax.com/,4.4,122,"1651 Clark Street Rd, Auburn, NY 13021, USA",Pet Services,~15mi zone,True,95,Tee Box,
b2be7588-855b-4601-8d2d-ae823ba91bda,Anthony Vanderwerffs Powerwashing,(315) 406-5170,https://anthonyvanderwerffspowerwashing.voolt.com/,3.9,7,"60 Perrine St, Auburn, NY 13021, USA",Exterior Cleaning,~15mi zone,True,95,Green,"he said call next week, money reasons, i offered him 395"
45341557-7a2d-48c3-ad50-8cfc33db62bf,Shingle Shine Roof Cleaning,(315) 214-1810,http://cnyshine.com/,5.0,6,"312 Forsythe St, Camillus, NY 13031, USA",Exterior Cleaning,~15mi zone,True,95,Fairway,
e74327af-6b0d-4d91-8096-d69adfa0a6c9,Total Exterior Power Washing,(315) 835-1938,http://totalexteriorpowerwashing.com/,5.0,17,"49 Fayette St, Waterloo, NY 13165, USA",Exterior Cleaning,~15mi zone,True,95,Flagstick,"Chris, bench, 395, he is on a bunch of other courses with direct fairway. call at 3;30 on tuesdeay 3/24"
c29d5b8f-3c31-4283-92cb-5d3c71eb831c,"Shine Above The Rest, LLC.",(315) 418-0789,https://shineabovetherest.com/,5.0,24,"100 Mynderse St, Seneca Falls, NY 13148, USA",Exterior Cleaning,~15mi zone,True,95,Tee Box,
97b6724e-8bd5-4143-abb4-a5345252d79e,Macrina’s Cleanouts,(315) 867-8669,https://www.facebook.com/profile.php?id=100089220521679&mibextid=LQQJ4d,5.0,16,"4781 State Rte 5w, Herkimer, NY 13350, USA",Exterior Cleaning,~15mi zone,True,95,Fairway,
bf9e135b-167b-4945-9050-1f6dc8d8949a,Down-N-Out Seamless Gutters,(315) 539-9236,http://down-n-outseamlessgutters.com/,4.8,10,"1236 NY-96, Waterloo, NY 13165, USA",Exterior Cleaning,~15mi zone,True,95,Hazard,
f764ff6d-7ece-494d-9602-35138bc236d0,J. Bogan's Contracting LLC,(315) 520-9479,https://www.jboganscontracting.com/,5.0,16,"246 Glasgow St, Clyde, NY 14433, USA",Exterior Cleaning,~15mi zone,True,95,Fairway,
e24f3e6c-8720-40b9-aac6-30ab94d4e62a,Timberline Fence,(315) 246-9089,https://www.bbb.org/us/ny/port-byron/profile/fence-contractors/timberline-fence-llc-0041-235988590,5.0,39,"8045 Mentz Church Rd, Port Byron, NY 13140, USA",Fencing & Decking,~15mi zone,True,95,Fairway,
73515593-e345-4af5-bfce-928503eab867,Gasparini Fence Company,(315) 488-4419,http://syracusefencing.com/,4.4,21,"5072 Smoral Rd, Camillus, NY 13031, USA",Fencing & Decking,~15mi zone,True,95,Hazard,
59c59223-9852-490b-bf65-5dd5e36b54db,Bestmade Docks,(315) 257-5007,http://www.bmp-inc.com/,5.0,216,"2888 Rodman Dr, Seneca Falls, NY 13148, USA",Fencing & Decking,~15mi zone,True,95,Hazard,
72958f07-e9f1-4ae9-83f5-f6cbbf61030c,Advanced Fabrication LLC.,(315) 515-3138,http://advancedfab.net/,5.0,5,"5 Eagle Dr, Auburn, NY 13021, USA",Fencing & Decking,~15mi zone,True,95,Hazard,
029d4f1e-74b0-4834-af6c-c0c1bcfbd5dd,Captivate IV Wellness and Beauty Bar- Skaneateles,(315) 640-3870,https://www.captivatewellness.com/,5.0,153,"3 Fennell St, Skaneateles, NY 13152, USA",Women-Owned,~15mi zone,True,95,Tee Box,
86ffeffa-5b5d-46ae-8120-f444018cba0e,Medicine-Based Beauty® Skaneateles,(315) 920-0012,http://medicinebasedbeauty.com/,5.0,7,"1000 Old Seneca Turnpike 2nd Floor, Skaneateles, NY 13152, USA",Women-Owned,~15mi zone,True,95,Tee Box,
2d629d0d-65a5-4978-928a-5fff5e188cb1,The Skin Bar,(315) 901-8750,https://www.lovetheskinbar.com/,5.0,142,"1000 Old Seneca Turnpike, Skaneateles, NY 13152, USA",Women-Owned,~15mi zone,True,95,Tee Box,
ebe7c131-d373-4f49-be44-d25686f388fd,Serenity Wellness,(315) 370-5282,https://www.serenitywellnesscny.com/,5.0,106,"214 Seymour St, Auburn, NY 13021, USA",Women-Owned,~15mi zone,True,95,Tee Box,
9c624e47-19e9-47a0-b07a-a0fbe76ed408,The Center,(315) 704-0319,http://www.thecenter4wellness.com/,4.9,196,"1 Hoffman St, Auburn, NY 13021, USA",Women-Owned,~15mi zone,True,95,Tee Box,
d91d7ba2-2591-4f13-89f0-5cf395676fb1,Healing Roots,(315) 382-0855,http://hr-esthetics.com/,5.0,7,"25 Seminary Ave, 11 E Genesee St, Auburn, NY 13021, USA",Women-Owned,~15mi zone,True,95,Tee Box,
031490bc-13e8-4fa1-b5f2-625a59d7d285,Monroe MedSpa - Syracuse,(315) 204-0645,https://syracuse.monroemedspa.com/?utm_source=google&utm_medium=organic&utm_campaign=gbp&utm_term=Monroe-MedSpa-Syracuse&utm_content=website,4.9,205,"5316 W Genesee St, Camillus, NY 13031, USA",Women-Owned,~15mi zone,True,95,Tee Box,
cf142532-82f7-4fe3-86b7-c869994a628c,Radiant Wellness Medical Spa,(315) 382-6648,https://radiantwellnesscny.com/,5.0,15,"5016 W Genesee St, Camillus, NY 13031, USA",Women-Owned,~15mi zone,True,95,Tee Box,
5d13fda2-e2d6-4868-ab91-f292f1fd2d10,MostBeauty,(315) 254-7821,http://mostbeauty.org/,5.0,56,"5016 W Genesee St, Camillus, NY 13031, USA",Women-Owned,~15mi zone,True,95,Tee Box,
684559ba-856a-4072-b24a-724963ffcd32,Be Esthetics,(315) 402-7861,http://www.beesthetics.org/,5.0,4,"1 North St, Marcellus, NY 13108, USA",Women-Owned,~15mi zone,True,95,Tee Box,
43a4ff8c-f63b-4bb5-aa8c-140c2c0a8593,Revive West,(315) 702-6031,https://www.preventive-med.net/revive-west/,5.0,20,"5415 W Genesee St Ste 201, Camillus, NY 13031, USA",Women-Owned,~15mi zone,True,95,Tee Box,
b8055a41-3b2b-4178-b573-2b925810152d,Venus Beauty Salon,(315) 878-2198,https://www.facebook.com/venusbeautysalon2024,5.0,27,"1403 NY-96, Waterloo, NY 13165, USA",Women-Owned,~15mi zone,True,95,Tee Box,
2a9e1241-6d6f-4063-866e-bab587e15e13,Kabari Wellness Institute,(315) 712-4023,http://www.kabariwellness.com/,4.2,41,"81 W Bayard St, Seneca Falls, NY 13148, USA",Women-Owned,~15mi zone,True,95,Tee Box,
81f19f75-ef8f-4e3c-a5bb-eb86a59ca9d6,Reveal by Dava,(315) 480-5501,https://www.revealbydava.com/,5.0,13,"7762 Maple Rd, Baldwinsville, NY 13027, USA",Women-Owned,~15mi zone,True,95,Tee Box,
3644b1ed-1ef9-472b-ba63-d4ebc23d8ec5,SkinRejuve Esthetics,(315) 748-6650,http://www.skinrejuveesthetics.com/,4.2,5,"7271 State Fair Blvd Suite #3, Baldwinsville, NY 13027, USA",Women-Owned,~15mi zone,True,95,Tee Box,
76a41f17-1333-4596-b9c2-5802c89614ac,"Finger Lakes ENT & Skin Oncology: Douglas W. Halliday, MD, Ph.D. - Skaneateles NY",(315) 685-0247,https://fingerlakesmd.com/,4.6,55,"7 Fennell St, Skaneateles, NY 13152, USA",Women-Owned,~15mi zone,True,95,Tee Box,
f9fe3b2c-1b09-415c-8791-66530ba7c515,Unique to You,(315) 567-9948,https://uniquetoyou.skincaretherapy.net/,5.0,7,"35 Gaylord St, Auburn, NY 13021, USA",Women-Owned,~15mi zone,True,95,Tee Box,
0b4d58c5-655f-46ea-841d-c1ffcab34cde,Sky Yoga Studios,(315) 314-7754,https://www.skyyogastudios.com/,5.0,12,"42 E Genesee St, Skaneateles, NY 13152, USA",Women-Owned,~15mi zone,True,95,Tee Box,
8f44e435-7752-4839-949e-9f25ce6f2fe4,Zen Den,(315) 370-5211,http://www.zenden-studio.com/,4.8,17,"25 Seminary St Suite 1F, Auburn, NY 13021, USA",Women-Owned,~15mi zone,True,95,Tee Box,
3763a897-6c9c-4c95-9f60-6c1845c833b9,Symmetry Wellness Club,(315) 447-6187,http://symmetrywellnessclub.com/,5.0,12,"894 Andrews Rd, Skaneateles, NY 13152, USA",Women-Owned,~15mi zone,True,95,Tee Box,
3b6e5707-7ea2-4c24-baef-77f379a4a9bd,Pure Moon Yoga and Breathwork,(315) 246-5000,https://www.puremoonyoga.com/,5.0,6,"71 Genesee St, Auburn, NY 13021, USA",Women-Owned,~15mi zone,True,95,Tee Box,
19b0722b-5cb5-46a4-8aab-483a15d8b6bb,Hot Yoga with Mercedes,(315) 751-1136,https://www.hotyogawithmercedes.com/,5.0,30,"71 Main St, Camillus, NY 13031, USA",Women-Owned,~15mi zone,True,95,Tee Box,
dbbcf744-0327-4d9f-981c-af4c753cdb5f,"HOTWORX - Camillus, NY - West Genesee",(315) 468-9679,https://www.hotworx.net/studio/camillus-westgenesee?utm_source=google&utm_medium=organic&utm_campaign=gbp,4.5,31,"5350 W Genesee St, Camillus, NY 13031, USA",Women-Owned,~15mi zone,True,95,Tee Box,
cc8c4c3c-05aa-43fd-a6eb-ff5b1c04e20e,"Syracuse Therapeutic Yoga, LLC",(315) 729-0474,http://www.syrtherayoga.com/,5.0,6,"5998 W Genesee St Suite C, Camillus, NY 13031, USA",Women-Owned,~15mi zone,True,95,Tee Box,
daf39e1a-dd0a-4e4f-b962-7ae03f0b5cb9,Catalano Chiropractic,(315) 759-8380,http://www.catalanochiropractic.com/,5.0,5,"18 W Main St, Waterloo, NY 13165, USA",Women-Owned,~15mi zone,True,95,Tee Box,
ee7fcf27-3d30-402f-9e9b-a13c7dbedd1c,Flex Fit Pilates,(315) 320-6103,https://flexfitpilates.com/,5.0,5,"829 State Fair Blvd, Syracuse, NY 13209, USA",Women-Owned,~15mi zone,True,95,Tee Box,
200e8dbb-7fe5-4adb-9cfb-7e1c3cab6ef4,Haven Yoga,(315) 849-6890,https://cnyjiujitsu.com/Yoga/,4.9,19,"2265 Downer St Suite 600, Baldwinsville, NY 13027, USA",Women-Owned,~15mi zone,True,95,Tee Box,
2ab2cc15-4777-4bf7-8d93-c2171db77858,Fearless Fitness,(315) 532-2434,https://www.facebook.com/fearlessfitness5591/?fref=ts,5.0,7,"60 Oswego St, Baldwinsville, NY 13027, USA",Women-Owned,~15mi zone,True,95,Tee Box,
53310606-1cb4-44b3-a696-5dbb6afc2c03,Willow Health & Wellness,(315) 663-5538,http://www.willowhwc.com/,4.5,8,"3090 Belgium Rd, Baldwinsville, NY 13027, USA",Women-Owned,~15mi zone,True,95,Tee Box,
cd17b3d8-8ad1-4874-9db3-58d4baf2d0ea,AHA: Alchemy Healing Arts,(716) 440-6324,http://alchemyhealingarts.me/,5.0,59,"3986 Jordan Rd, Skaneateles, NY 13152, USA",Women-Owned,~15mi zone,True,95,Tee Box,
4d3cbc2d-e134-4a5d-9fbb-fbfc14a62a83,Healing Roots - Massage. Reiki . Spa Services,(315) 382-0855,https://book.squareup.com/appointments/ua5er06c9k9njo/location/T0WZ8NTBKSV1V/services,5.0,24,"25 Seminary St, Auburn, NY 13021, USA",Women-Owned,~15mi zone,True,95,Tee Box,
7f6a8fc0-a817-4a5c-b53b-63335efe60c2,Minna Soul Vibrations,(315) 481-4591,https://www.minnasoulvibrations.com/,5.0,4,"2960 NY-370, Cato, NY 13033, USA",Women-Owned,~15mi zone,True,95,Tee Box,
9c840131-5f89-45d3-add1-044405b601df,"Mandala Moon Yoga, LLC",(315) 673-7535,http://www.mandalamoonyoga.com/,5.0,10,"4303 Slate Hill Rd Suite 3, Marcellus, NY 13108, USA",Women-Owned,~15mi zone,True,95,Tee Box,
a6fd72ec-ffb0-42a8-86e6-1c0c1e3b407b,Hot Yoga Syracuse,(315) 256-0468,http://www.hotyogasyracuse.com/,4.9,36,"Smokey Hollow Plaza, 80 Smokey Hollow Rd Suite 4, Baldwinsville, NY 13027, USA",Women-Owned,~15mi zone,True,95,Tee Box,
a99db868-840f-436a-89ae-be5826f3814f,Center of Om,(315) 560-5600,http://centerofom.com/,5.0,6,"19 E Genesee St Ste 101, 2nd Floor, Baldwinsville, NY 13027, USA",Women-Owned,~15mi zone,True,95,Tee Box,
fb0e092d-29fb-4ce3-9e81-3dba13f58937,Hot Art Studios,(315) 521-9528,https://hotart.tv/,4.9,23,"5624 NY-96, Romulus, NY 14541, USA",Women-Owned,~15mi zone,True,95,Tee Box,
74a15562-f567-4b23-a9e3-fa1ed0209e05,Basswood Event Planning,(315) 406-8857,https://basswoodeventplanning.com/,5.0,29,"6945 Basswood Rd, Auburn, NY 13021, USA",Women-Owned,~15mi zone,True,95,Fairway,
8fb7e1b8-38cd-419b-804c-af24e49a0bd8,Envision Entertainment & Events,(315) 224-8442,https://envisionedevent.com/,5.0,78,"4357 Jordan Rd Suite 1, Skaneateles, NY 13152, USA",Women-Owned,~15mi zone,True,95,Tee Box,
75f2c3f7-5cc8-4ee3-921a-5da2dea623a3,"Fruitys Treats, A&R Party Creationz",,http://fruitystreats.square.site/,5.0,4,"92 Owasco St, Auburn, NY 13021, USA",Women-Owned,~15mi zone,True,95,Tee Box,
d0d9b41a-49a2-479e-abc8-358cbc6b9f88,Finger lakes event rentals,(315) 707-7408,http://www.fingerlakeseventrentals.com/,4.2,5,"4180 Highland Ave, Skaneateles, NY 13152, USA",Women-Owned,~15mi zone,True,95,Fairway,
221c1f8b-4a28-4c6f-815b-6482b154db55,Chantelle Marie Lakehouse & Celebration Venue,(315) 730-1505,http://www.chantellemarielakehouse.com/?utm_source=NEXT&utm_medium=Google_website,4.7,85,"5151 W Lake Rd, Auburn, NY 13021, USA",Women-Owned,~15mi zone,True,95,Tee Box,
120b4702-1b70-475e-b93c-1ab9e504da59,The Munro,(315) 730-5714,https://the-munro.com/,5.0,5,"5407 Hamilton Rd, Jordan, NY 13080, USA",Women-Owned,~15mi zone,True,95,Tee Box,
3adcf2a6-2798-4fe4-9f2b-f78b0a152a1f,A&M Catering- Emerson Park Pavilion,(315) 255-3488,http://www.myamcatering.com/,4.3,6,"6879 E Lake Rd, Auburn, NY 13021, USA",Women-Owned,~15mi zone,True,95,Tee Box,
6340b06e-cff7-4606-8c8f-3163dfc5bd61,H & J Hospitality- Emerson Park Pavilion,(315) 255-3488,https://www.myamcatering.com/,4.6,80,"6879 E Lake Rd, Auburn, NY 13021, USA",Women-Owned,~15mi zone,True,95,Tee Box,
97c1630c-62f3-461a-b04c-eece991f0afb,Simplified Entertainment,(315) 685-0135,http://www.simplifiedentertainment.com/,4.7,3,"2335 Shamrock Rd, Skaneateles, NY 13152, USA",Women-Owned,~15mi zone,True,95,Do Not Call,
f0a343ad-0085-4604-8dbf-990a36a50521,The Help,(315) 243-0556,http://thehelpbymaryanne.com/,4.6,9,"104 East Way, Camillus, NY 13031, USA",Women-Owned,~15mi zone,True,95,Fairway,
690a37d6-e809-4a96-87d1-62e3d8318bbb,Island Escape DIY Party Venue,(315) 935-6866,http://islandescapediy.com/,5.0,8,"7 Syracuse St, Baldwinsville, NY 13027, USA",Women-Owned,~15mi zone,True,95,Tee Box,
49b78191-2457-4994-be32-7b15b85ac906,Petal Haus,(315) 282-7501,https://www.petalhausflx.com/,4.9,39,"83 Genesee St, Auburn, NY 13021, USA",Women-Owned,~15mi zone,True,95,Green,clarissa is the owner and she is usually in earlier in the day
a604296e-28eb-489a-a6f0-0981bb850032,The Local Branch,,http://thelocalbranch.co/,4.9,54,"4 Jordan St, Skaneateles, NY 13152, USA",Women-Owned,~15mi zone,True,95,Tee Box,
27e13972-b487-4447-a1c7-e6611204eae5,Bev & Co,(315) 685-5064,https://www.bevandco.com/,4.3,3,"18 E Genesee St, Skaneateles, NY 13152, USA",Women-Owned,~15mi zone,True,95,Tee Box,
19d31208-e5bc-44ab-b4f0-30f5bfba54d0,Emma + James,(315) 685-2747,http://www.shopejclothing.com/,4.9,34,"25 Jordan St, Skaneateles, NY 13152, USA",Women-Owned,~15mi zone,True,95,Tee Box,
d9570b74-6e20-4fef-bfc7-8109ef58aef0,Hap + Main,(315) 685-1105,https://shopthehap.com/,4.6,9,"4 E Genesee St, Skaneateles, NY 13152, USA",Women-Owned,~15mi zone,True,95,Tee Box,
88905375-cf11-406c-8acb-a40bc1130a86,Skaneateles 300,(315) 685-1133,https://skaneateles300.com/,3.7,15,"2 W Genesee St, Skaneateles, NY 13152, USA",Women-Owned,~15mi zone,True,95,Tee Box,
4b2eb70b-e472-46d6-b7b1-9b6f3523c530,SEA CULTURE,(315) 481-6982,https://www.seaculturebrand.com/,4.8,20,"11 Jordan St, Skaneateles, NY 13152, USA",Women-Owned,~15mi zone,True,95,Fairway,
6b3e7a4a-6442-451b-9f33-409e6d97dacb,Savvy Mom's Boutique,,http://www.savvymomconsignment.com/,4.3,38,"1579 Clark Street Rd, Auburn, NY 13021, USA",Women-Owned,~15mi zone,True,95,Tee Box,
831c4694-f8ce-4a3d-87ba-16dc0768df4a,The Liberty Store,(315) 252-1761,http://thelibertystore.com/,4.4,57,"5 E Genesee St, Auburn, NY 13021, USA",Women-Owned,~15mi zone,True,95,Tee Box,
57a1deac-90ba-46d1-a06a-6bf9d5e45aa4,DROOZ and Company,(315) 920-8888,http://www.droozandcompany.com/,4.8,46,"36 E Genesee St, Skaneateles, NY 13152, USA",Women-Owned,~15mi zone,True,95,Tee Box,
a91ebc7c-1acd-4cae-b15a-411e4d0ff0d0,The Browtique,(315) 726-5946,https://the-browtique-315.square.site/,5.0,5,"15 E Genesee St, Auburn, NY 13021, USA",Women-Owned,~15mi zone,True,95,Tee Box,
b153c8ff-a564-45fc-802d-1de82a251f87,Roland's,(315) 685-7389,https://www.rolandsofskaneateles.com/,4.8,38,"14 E Genesee St, Skaneateles, NY 13152, USA",Women-Owned,~15mi zone,True,95,Tee Box,
3ec399b9-80e3-45af-9afc-af9c7c0c0ad3,Regenerations,(315) 406-0097,http://www.regenerations2.com/,4.4,17,"101 Genesee St, Auburn, NY 13021, USA",Women-Owned,~15mi zone,True,95,Tee Box,
ae670dd1-8e28-42cb-9158-215f44e368cb,The Savage Homestead,(315) 291-7080,http://thesavagehomestead.com/,5.0,16,"61 E Genesee St, Skaneateles, NY 13152, USA",Women-Owned,~15mi zone,True,95,Tee Box,
b46baab2-9c47-4229-8730-600a014cb6cc,First National Gifts,(315) 685-5454,http://www.firstnationalgifts.com/,4.5,17,"2 E Genesee St, Skaneateles, NY 13152, USA",Women-Owned,~15mi zone,True,95,Tee Box,
e600b5a7-0b6d-4b41-912a-ff24fb487481,Live A Little Boutique,(315) 776-2870,https://www.livealittleonline.com/,5.0,32,"8934 N Seneca St Suit 1, Weedsport, NY 13166, USA",Women-Owned,~15mi zone,True,95,Fairway,
881bb5e7-df8b-4635-8675-0b9492742c09,Fierce...with Love,(315) 834-7008,http://www.fiercewithlove.com/,5.0,12,"8914 N Seneca St, Weedsport, NY 13166, USA",Women-Owned,~15mi zone,True,95,Fairway,
d4682735-4f2e-43cb-a8fb-054905e2a228,The Hamilton Salon & Apothecary,(315) 283-8084,http://thehamiltonsalon.com/,5.0,11,"144 Main St, Moravia, NY 13118, USA",Women-Owned,~15mi zone,True,95,Tee Box,
fe12f240-7682-4bbd-a953-f216bd85cc64,SYNPLE,(315) 320-4212,https://www.shopsynple.com/,4.9,34,"70 Main St, Camillus, NY 13031, USA",Women-Owned,~15mi zone,True,95,Do Not Call,
463e9120-869c-4016-845d-2fcadebf590c,Sixty One Main Boutique & Beauty Bar,(315) 720-0543,http://sixtyonemain.com/,5.0,44,"61 Main St, Camillus, NY 13031, USA",Women-Owned,~15mi zone,True,95,Tee Box,
a1634cfb-655c-4ed5-801a-9eec50965487,KB Boutique,(315) 673-7266,http://www.shopkbboutique.com/,4.7,3,"60 E Main St, Marcellus, NY 13108, USA",Women-Owned,~15mi zone,True,95,Tee Box,
0c0cc297-7475-4055-b22a-971a1d2a0e8a,That's What She Read Bookshop and Boutique,(315) 494-1075,http://thatswhatshereadbooks.com/,5.0,88,"16 E Main St, Marcellus, NY 13108, USA",Women-Owned,~15mi zone,True,95,Tee Box,
5664f0da-3472-41d7-91c4-aa8f612c5283,Skaneateles Boutique Hotel,(315) 685-2333,https://skaneatelesboutiquehotel.com/,4.9,114,"12 Fennell St, Skaneateles, NY 13152, USA",Women-Owned,~15mi zone,True,95,Tee Box,
361e18e9-32da-4d3e-8589-eeae72834ed8,Pride + Joy,(315) 685-7576,http://www.skanbaby.com/,5.0,4,"88 E Genesee St, Skaneateles, NY 13152, USA",Women-Owned,~15mi zone,True,95,Tee Box,
dc240818-bdb1-431e-b978-bd5ad65ef17e,Blush by CVDesigns,(315) 573-5833,http://shopcvdesigns.com/,5.0,23,"102 Fall St, Seneca Falls, NY 13148, USA",Women-Owned,~15mi zone,True,95,Tee Box,
33a5c33f-6b9a-4d20-bc4f-2439dcde45f8,Ashia's Closet,(315) 745-9928,,4.8,18,"81 Fall St, Seneca Falls, NY 13148, USA",Women-Owned,~15mi zone,True,95,Tee Box,
e118f1a6-5dd6-42b5-a88d-35adcd1fd81f,WomanMade Products,(315) 568-9364,http://www.womanmadeproducts.store/,4.7,33,"91 Fall St, Seneca Falls, NY 13148, USA",Women-Owned,~15mi zone,True,95,Tee Box,
7d4f23e6-38f2-41a6-863b-387077c94d7b,West and Company Diamonds,(315) 253-7000,https://westandcompany.com/,5.0,235,"10 Genesee St, Auburn, NY 13021, USA",Women-Owned,~15mi zone,True,95,Tee Box,
fcae32f7-4fea-4bb8-a4cc-b7142cd14dca,Grant Jewelers,(315) 291-3135,http://www.grantjewelers.net/,5.0,6,"88 E Genesee St, Skaneateles, NY 13152, USA",Women-Owned,~15mi zone,True,95,Tee Box,
b5db080d-1a4f-47bc-8fc1-19fc5110c5ba,S J Moore Jewelers,(315) 685-8758,https://sjmoorejewelers.com/,5.0,15,"5 E Genesee St, Skaneateles, NY 13152, USA",Women-Owned,~15mi zone,True,95,Tee Box,
bf75a52f-8a06-4924-9559-d3725e74c877,R J Jewelers,(315) 252-7954,http://www.rjjewelersauburnny.com/,4.8,158,"217 Grant Ave, Auburn, NY 13021, USA",Women-Owned,~15mi zone,True,95,Tee Box,
621b13c7-a515-40f6-9956-d01bb1f21884,Imagine LLC,(315) 685-6263,https://rymap.org/business/imagine-llc-jasnjr,4.6,16,"38 E Genesee St # A, Skaneateles, NY 13152, USA",Women-Owned,~15mi zone,True,95,Tee Box,
23ab587c-14fc-4324-a356-1a42996a00ad,Robinette Jewelers,(315) 568-6222,http://www.robinettejewelers.com/,4.8,60,"90 Fall St, Seneca Falls, NY 13148, USA",Women-Owned,~15mi zone,True,95,Tee Box,
0213d8f5-30b3-4fb2-8447-44131d48e354,Blake Jewelers,(315) 631-0550,http://www.blakejewelers.com/,5.0,24,"200 Township Blvd Suite 30, Camillus, NY 13031, USA",Women-Owned,~15mi zone,True,95,Tee Box,
9cdb1d60-0673-43f9-9c6c-18be0840beca,Monarch Jewelers,(315) 218-6253,http://monarch-jewelers.keeq.io/,4.3,48,"5380 W Genesee St, Camillus, NY 13031, USA",Women-Owned,~15mi zone,True,95,Tee Box,
886845db-6891-46ba-ac52-b4e0c19ac9bd,Via Mondo Travel & Wellness Vacations,(315) 707-4372,http://viamondotravel.com/,4.7,25,"20 Fennell St # 273, Skaneateles, NY 13152, USA",Women-Owned,~15mi zone,True,95,Tee Box,
f89b623a-e5ea-4c33-84f3-054eaee58d2d,Young's Travel Services,(315) 568-4112,,5.0,1,"60 Mynderse St, Seneca Falls, NY 13148, USA",Women-Owned,~15mi zone,True,95,Tee Box,
dfafca06-d816-4fa1-8d39-1c8111d8511e,Expedia Cruises in Camillus,(315) 808-7447,https://www.expediacruises.com/camillus,4.9,36,"240 Township Blvd Suite 50, Camillus, NY 13031, USA",Women-Owned,~15mi zone,True,95,Tee Box,
41edf10e-14c6-46f4-a1a3-7fe9812324ab,Cruise Planners of CNY,(315) 635-8261,http://www.cruiseplannerscny.com/,5.0,12,"8103 Frst Rdg Ln, Baldwinsville, NY 13027, USA",Women-Owned,~15mi zone,True,95,Tee Box,
c66a41d4-3212-4a9c-979c-5df7dc586867,Port Byron Community Health,(315) 776-9700,http://localcommunityhealth.com/locations/port-byron-community-health-v2/?utm_source=GMBSocialClimb&utm_medium=PortByronCommunityHealth,4.0,106,"60 Main St, Port Byron, NY 13140, USA",Women-Owned,~15mi zone,True,95,Tee Box,
ad6aa496-cc44-4796-832e-6c6a550f8097,NuME Fitness Consulting and Supplements,(888) 504-4187,https://numestrong.com/,5.0,5,"8930 N Seneca St, Weedsport, NY 13166, USA",Women-Owned,~15mi zone,True,95,Tee Box,
8b6ecec9-5d60-42e6-b742-9ac0eba43a1d,Total Wellness Center,(315) 468-2422,http://totalwellnesscenter.org/,5.0,7,"5631 W Genesee St, Camillus, NY 13031, USA",Women-Owned,~15mi zone,True,95,Tee Box,
20dbf995-b083-4d32-9a7d-a289bb907cbb,Based Wellness,(315) 320-4058,http://www.wellbasedlife.com/,5.0,17,"4464 Milton Ave #200, Camillus, NY 13031, USA",Women-Owned,~15mi zone,True,95,Tee Box,
e33489ae-6a72-47e9-89cd-7435fce70f02,The Women's Wellness Place- Camillus,(315) 870-3622,http://www.thewomenswellnessplace.com/,3.7,9,"5700 Genesee St Suite 221, Camillus, NY 13031, USA",Women-Owned,~15mi zone,True,95,Tee Box,
4dbcd93d-e122-4383-bfee-304f007b5384,Seneca Falls Health Center - Affilliate of Northeast College of Health Sciences,(315) 568-3166,http://www.senecafallshealthcenter.com/,5.0,6,"2360 NY-89, Seneca Falls, NY 13148, USA",Women-Owned,~15mi zone,True,95,Tee Box,
6e5e0fc0-f323-415b-bf5c-74e6ce4d27e6,Seneca Family Health Center,(315) 787-4977,https://www.flhealth.org/locations/seneca-family-health,3.0,38,"367 E Main St, Waterloo, NY 13165, USA",Women-Owned,~15mi zone,True,95,Tee Box,
a6198730-0306-42b6-9236-66b4e46fbf62,Start To Fit,(315) 712-4023,http://kabariwellness.com/,4.9,13,"81 W Bayard St, Seneca Falls, NY 13148, USA",Women-Owned,~15mi zone,True,95,Tee Box,
94cd60a2-50db-4a17-b803-e7c13d7eb2d9,Su Casa Holistic Massage & Wellness (Auburn),(716) 803-9680,https://www.sucasawellness.com/,5.0,33,"Inside Finger Lakes Fitness Center, 2115 W Genesee St Rd, Auburn, NY 13021, USA",Women-Owned,~15mi zone,True,95,Tee Box,
fb4946af-cbcc-4a29-91bf-a43a17421067,TheraBloom Wellness,(315) 409-4324,https://www.facebook.com/share/1D3MRo6PYs/?mibextid=wwXIfr,5.0,14,"8132B Oswego Rd, Liverpool, NY 13090, USA",Women-Owned,~15mi zone,True,95,Tee Box,
d7d5310a-8253-4c70-9a37-66f4e80bfba9,Su Casa Holistic Massage & Wellness,(716) 803-9680,https://sucasawellness.com/,5.0,98,"13042 Pond Rd, Wolcott, NY 14590, USA",Women-Owned,~15mi zone,True,95,Tee Box,
e2161079-f17a-492e-8a74-8c6a46d0e63e,E John Gavras Center,(315) 255-2746,http://www.gavrascenter.com/,2.6,7,"182 North St, Auburn, NY 13021, USA",Women-Owned,~15mi zone,True,95,Tee Box,
2c45cde3-feef-40f9-b89b-26e7748cca68,Montessori School of the Finger Lakes,(315) 252-2225,http://www.fingerlakesmontessori.com/,3.8,4,"6734 Pine Ridge Rd, Auburn, NY 13021, USA",Women-Owned,~15mi zone,True,95,Tee Box,
65d70a38-3607-4a41-bf07-9912a00ee4c4,Skaneateles Early Childhood Center,(315) 685-8248,http://skaneatelesearlychildhood.org/,5.0,3,"E, 1574 Cherry Valley Turnpike, Skaneateles, NY 13152, USA",Women-Owned,~15mi zone,True,95,Tee Box,
a0c9ad79-e73c-4a6f-9ea1-b1a25e80afb3,Marcellus First Presbyterian Daycare,(315) 673-2608,https://marcelluspc.com/marcellus_childcare_center,4.4,7,"1 E Main St, Marcellus, NY 13108, USA",Women-Owned,~15mi zone,True,95,Tee Box,
8e11142a-8d50-4b3f-983a-e6ef5f863fe9,Cayuga Onondaga Boces - Regional Education Center,(315) 253-0361,http://www.cayboces.org/,4.5,8,"1879 W Genesee St Rd, Auburn, NY 13021, USA",Women-Owned,~15mi zone,True,95,Tee Box,
e6ad8e3b-ff09-4121-854a-bb629e85bde4,Little Lukes Preschool & Childcare Center,(315) 857-0800,http://www.littlelukes.com/,4.5,12,"8282 Willett Pkwy, Baldwinsville, NY 13027, USA",Women-Owned,~15mi zone,True,95,Tee Box,
69c674ff-34d1-4500-b3ba-efde915eaa01,BrightPath Camillus Early Learning & Child Care,(585) 685-7900,http://brightpathkids.com/locations/camillus,3.3,23,"3711A Milton Ave, Camillus, NY 13031, USA",Women-Owned,~15mi zone,True,95,Tee Box,
8d122f5e-32f5-401c-a382-4098422f802e,Play2Learn,(315) 382-3725,https://play2learntot.com/,5.0,42,"76 E Genesee St, Baldwinsville, NY 13027, USA",Women-Owned,~15mi zone,True,95,Tee Box,
